synonym,filter
antiziganismus,Antiziganismus
rassismus gegen roma,Antiziganismus
gadjé-rassismus,Antiziganismus
hartz4,Arbeitslosengeld
alg2,Arbeitslosengeld
jobcent,Arbeitslosengeld
alg1,Arbeitslosengeld
arbeitslosengeld,Arbeitslosengeld
aufenthaltsrecht,Aufenthaltsrecht
aufenthaltserlaubnis,Aufenthaltsrecht
niederlassungserlaubnis,Aufenthaltsrecht
aufenthaltsstatus,Aufenthaltsrecht
spataussiedl,Aussiedler
aussiedl,Aussiedler
integrationslots*inn,Begleitung
integrationslots,Begleitung
begleit,Begleitung
anerkennung von abschluss,Berufsanerkennung
anerkennungs- und qualifizierungsberat,Berufsanerkennung
berufsanerkenn,Berufsanerkennung
anerkennungsberat,Berufsanerkennung
anerkennung auslandischer abschluss,Berufsanerkennung
schulabschluss,Berufsanerkennung
abschluss nachhol,Berufsanerkennung
iq netzwerk,Berufsanerkennung
berufsberat,Berufsberatung
berufsorientier,Berufsberatung
integrationskur,Deutschkurs
sprachkur,Deutschkurs
alphabetisier,Deutschkurs
deutschkur,Deutschkurs
daueraufenthaltsrecht,EU-Recht
eu-recht,EU-Recht
einburger,Einbürgerung
staatsangehor,Einbürgerung
staatsburgerschaft,Einbürgerung
familie nachhol,Familiennachzug
familienzusammenfuhr,Familiennachzug
familiennachzug,Familiennachzug
frauengesund,Frauengesundheit
fruhe hilf,Frühe Hilfen
fgm,Genitalverstümmelung
genitalverstummel,Genitalverstümmelung
gewalt gegen madch,Gewalt gegen Mädchen
zwangsheirat,Gewalt gegen Mädchen
madchennotdien,Gewalt gegen Mädchen
kitagutschein,Hort
hort,Hort
hortbetreu,Hort
betreuungsgutschein,Hort
kita,Hort
kitabetreu,Hort
betreuungsgutschein,Hort
hausliche gewalt,Häusliche Gewalt
gewalt gegen frau,Häusliche Gewalt
gewalt gegen kind,Häusliche Gewalt
kinderzuschlag,Kindergeld
familienleist,Kindergeld
kindergeld,Kindergeld
krankenversicher,Krankenversicherung
menschen ohne krankenversicher,Krankenversicherung
arztprax,Mehrsprachige Ärzte
arzte mehrsprach,Mehrsprachige Ärzte
mehrsprachige arzt,Mehrsprachige Ärzte
menschen ohne papi,Menschen ohne Papier
illegalisiert,Menschen ohne Papier
menschen ohne aufenthaltsstatus,Menschen ohne Papier
human trafficking,Menschenhandel
menschenhandel,Menschenhandel
mieterberat,Mieterberatung
mosche,Moschee
religionsgemeind,Moschee
hausaufgaben hilf,Nachhilfe
nachhilf,Nachhilfe
hausaufgab,Nachhilfe
krisendien,Notdienst
notdien,Notdienst
kris,Notdienst
juristische berat,Rechtsberatung
anwalt,Rechtsberatung
rechtsberat,Rechtsberatung
rent,Rente
rroma,Roma
roma und sinti,Roma
roma,Roma
ruckkehrhilf,Rückkehrhilfe
ruckkehrberat,Rückkehrhilfe
ruckkehr,Rückkehrhilfe
schulanmeld,Schulanmeldung
schulwechsel,Schulanmeldung
sexualisierte gewalt,Sexuelle Gewalt
sexuelle gewalt,Sexuelle Gewalt
sprachmittl,Sprachmittlung
therapi,Therapie
psychotherapi,Therapie
verbraucherschutz,Verbraucherschutz
verbraucherfrag,Verbraucherschutz
verbraucherzentral,Verbraucherzentrale
weiterbild,Weiterbildung
berufsausbild,Weiterbildung
berufsorientier,Weiterbildung
praktika,Weiterbildung
praktikum,Weiterbildung
berufliche ausbild,Weiterbildung
wohnungssuch,Wohnungssuche
wohnscouting,accomodation
wohnungsuch,accomodation
wohnungsnot,accomodation
wohnraum,accomodation
wohn,accomodation
wohnhilf,accomodation
drog,addiction
sucht,addiction
abhang,addiction
suchtberat,addiction
alban,albanian
amhar,amharic
arab,arabic
arama,aramaic
armen,armenian
aufenthaltssicher,asylum_counseling
drohender abschieb,asylum_counseling
bleiberecht,asylum_counseling
asyl- und verfahrensberat,asylum_counseling
asylberat,asylum_counseling
drohende abschieb,asylum_counseling
asylrechtsberat,asylum_counseling
bleibeperspektiv,asylum_counseling
bleibeperspektiv,asylum_counseling
abschieb,asylum_counseling
gefluchtet,asylum_seekers
fluchtling,asylum_seekers
asylsuch,asylum_seekers
asylbewerb,asylum_seekers
menschen mit fluchthintergrund,asylum_seekers
gefluchtet,asylum_seekers
gefluchtet,asylum_seekers
aserbaidschan,azerbaijani
bengali,bengali
schutzbedurftige gefluchtet,besonders schutzbedürftige Flüchtlinge
schutzbedurftige fluchtling,besonders schutzbedürftige Flüchtlinge
besonders schutzbedurftige fluchtling,besonders schutzbedürftige Flüchtlinge
bulgar,bulgarian
pfleg,care
demenz,care
pflegebedurft,care
charlottenburg-wilmersdorf,charlottenburg_wilmersdorf
tschetschen,chechen
chines,chinese
kreolisch,creole
dari,dari
schuldenregulier,debt
schuldnerberat,debt
schuld,debt
pfandung,debt
schwerbehinder,disability
behindertenausweis,disability
beeintracht,disability
behinder,disability
diskriminier,discrimation
rechte gewalt,discrimation
antidiskriminier,discrimation
rassismus,discrimation
niederland,dutch
seniorinn,elderly
senior*inn,elderly
alt,elderly
menschen im alt,elderly
senior,elderly
englisch,english
eu-burg,eu_citizens
eu-ausland,eu_citizens
eu-burger*inn,eu_citizens
familienkonflikt,family_conflict
familienberat,family_conflict
erziehungsberat,family_conflict
farsi,farsi
haft,felony
straftat,felony
franzos,french
friedrichshain-kreuzberg,friedrichshain_kreuzberg
griechisch,greek
gesund,health
hebraisch,hebrew
hindi,hindu
obdachlos,houseless
wohnungslos,houseless
wohnungsnot,houseless
obdachlos,houseless
wohnungslos,houseless
ungar,hungarian
italien,italian
japan,japanese
kikuyu,kikuyu
korean,korean
kurdisch,kurdish
arbeit und bild,labour
arbeit,labour
bildung,labour
lasisch,laz
transperson,lgbtqi
lgbtiq*,lgbtqi
queer,lgbtqi
lsbti,lgbtqi
lgbt,lgbtqi
lgbttiq*,lgbtqi
lgbtiq,lgbtqi
tran,lgbtqi
trans*,lgbtqi
lichtenberg,lichtenberg
litau,lithuanian
luo,luo
mazedon,macedonian
marzahn-hellersdorf,marzahn_hellersdorf
psychische krank,mental_health
psychotherapi,mental_health
psychologische berat,mental_health
depression,mental_health
psychische gesund,mental_health
ptbs,mental_health
trauma,mental_health
migrationsberat,migration_counseling
sonstig,misc_target
mitt,mitte
montenegrin,montenegrin
nepali,nepali
neukolln,neukoelln
ohne krankenversicher,no_health_insurance
oromo,oromo
pankow,pankow
paschtu,pashto
polnisch,polish
portugies,portuguese
schwangerschaft,pregnacy
familienplan,pregnacy
punjabi,punjabi
reinickendorf,reinickendorf
roman,romani
ruman,romanian
russisch,russian
bosnisch/kroatisch/serb,serbian_croatian
prostitution,sex_work
sexwork,sex_work
sexarbeiter*in,sex_work
sexarbeit,sex_work
slowen,slovene
spandau,spandau
spanisch,spanish
sport,sport
steglitz-zehlendorf,steglitz_zehlendorf
sexuelle gesund,sti
aid,sti
sexuell ubertragbare krank,sti
hiv und sti,sti
hiv,sti
sti,sti
finnisch,suomi
begleit,support
sprachmittl,support
begleitung und sprachmittl,support
kisuaheli,swahili
tadschik,tajiki
tempelhof-schoneberg,tempelhof_schoeneberg
thailand,thai
tigrinya,tigrinya
treptow-kopenick,treptow_koepenik
turkisch,turkish
turkmen,turkmen
ukrain,ukranian
unbegleitete minderjahrige gefluchtet,unbegleitete minderjährige Flüchtlinge
minderjahrige fluchtling,unbegleitete minderjährige Flüchtlinge
umf,unbegleitete minderjährige Flüchtlinge
unbegleitete minderjahrige fluchtling,unbegleitete minderjährige Flüchtlinge
minderjahr,unbegleitete minderjährige Flüchtlinge
urdu,urdu
usbek,uzbek
vietnames,vietnamese
opf,violence
gewalt,violence
antigewalt,violence
wolof,wolof
frau,women
jmd,young
jugend,young
kind,young
kinder und jugend,young
junge mensch,young
